{
  "version": 1,
  "author": "CYPHER GAMING",
  "editor": "wokwi",
  "parts": [
    { "type": "wokwi-arduino-uno", "id": "uno", "top": -32.55, "left": 84.07, "attrs": {} },
    {
      "type": "wokwi-analog-joystick",
      "id": "joystick1",
      "top": -38.79,
      "left": -95.38,
      "attrs": {}
    },
    {
      "type": "wokwi-max7219-matrix",
      "id": "matrix1",
      "top": -19.81,
      "left": 18.14,
      "attrs": { "chain": "4" }
    }
  ],
  "connections": [
    [ "uno:5V", "joystick1:VCC", "red", [ "v0" ] ],
    [ "uno:GND.2", "joystick1:GND", "black", [ "v0" ] ],
    [ "uno:A0", "joystick1:VERT", "green", [ "v0" ] ],
    [ "uno:A1", "joystick1:HORZ", "green", [ "v0" ] ],
    [ "uno:8", "joystick1:SEL", "green", [ "v0" ] ],
    [ "matrix1:GND.2", "uno:GND.3", "black", [ "h0" ] ],
    [ "uno:5V", "matrix1:V+.2", "red", [ "v0" ] ],
    [ "matrix1:DOUT", "uno:11", "green", [ "h0" ] ],
    [ "matrix1:CS.2", "uno:10", "green", [ "h0" ] ],
    [ "matrix1:CLK.2", "uno:13", "green", [ "h0" ] ]
  ],
  "dependencies": {}
}